time,open,high,low,close,VWAP,Volume,Plot,Plot,Plot,Plot,RSI,Plot,Plot,Plot,Plot,ADX,ATR
2024-05-09T15:00:00+05:30,21991.55,21994.35,21942.5,21943,22098.45748656209,30578775,70,60,40,30,23.615054381142784,60,23.615054381142784,70,23.615054381142784,41.3662180046054,46.39218146539075
2024-05-09T15:15:00+05:30,21943.2,21968.15,21932.4,21968.15,22087.21357504088,26073781,70,60,40,30,29.230448482586695,60,29.230448482586695,70,29.230448482586695,42.85408990841204,45.632025646434265
2024-05-10T09:15:00+05:30,21992.1,22050.55,21950.3,22050,22016.95,38857338,70,60,40,30,43.72894326026254,60,40,70,30,41.382827238633205,49.533309528831815
2024-05-10T09:30:00+05:30,22049.1,22071.45,22009.15,22068.85,22028.540123293194,21167035,70,60,40,30,46.449855142453906,60,40,70,30,39.46629942239028,50.445215991058056
2024-05-10T09:45:00+05:30,22069.6,22114.25,22053.55,22108.75,22039.15190546317,12011096,70,60,40,30,51.7663539718158,60,40,70,30,36.68819751738415,51.177700563125384
2024-05-10T10:00:00+05:30,22108.25,22120.25,22094.75,22110.1,22048.815307382483,11689199,70,60,40,30,51.94021109445072,60,40,70,30,34.15664329414383,49.343579094330714
2024-05-10T10:15:00+05:30,22109.5,22131.3,22078.65,22088.3,22053.86311912993,9277573,70,60,40,30,48.87648609964012,60,40,70,30,31.987111300062885,49.57975201616408
2024-05-10T10:30:00+05:30,22088.9,22110.65,22078.65,22090.15,22056.7976439559,7507557,70,60,40,30,49.15060047780004,60,40,70,30,29.972545876987727,48.324055443580924
2024-05-10T10:45:00+05:30,22089.8,22091.1,22012.95,22027.05,22055.84302687735,7901520,70,60,40,30,41.06324240013483,60,40,70,30,29.410107059654845,50.45448005475356
2024-05-10T11:00:00+05:30,22027.1,22063.5,22018,22056.3,22055.338727832033,5812805,70,60,40,30,45.53688719648102,60,40,70,30,28.887842443560025,50.10058862227116
2024-05-10T11:15:00+05:30,22056.15,22093.75,22049.95,22075.35,22056.33884088087,6849636,70,60,40,30,48.28987711987084,60,40,70,30,27.59818955221491,49.650546577823164
2024-05-10T11:30:00+05:30,22075.15,22075.8,22041.25,22057.4,22056.423918611603,5967668,70,60,40,30,45.933804170542054,60,40,70,30,26.57761152450616,48.5719361079786
2024-05-10T11:45:00+05:30,22057.5,22059.65,22015.45,22029.2,22055.43254615695,6094363,70,60,40,30,42.431228121188184,60,40,70,30,26.134587134049408,48.259654957408756
2024-05-10T12:00:00+05:30,22028.6,22052.2,22027.1,22032.3,22054.639455237048,6054592,70,60,40,30,42.946262862253725,60,40,70,30,25.723207342910992,46.60539388902257
2024-05-10T12:15:00+05:30,22032.5,22038.9,22000.3,22018.2,22052.878975218267,7261438,70,60,40,30,41.143284076761454,60,40,70,30,25.849703366589623,46.033580039806836
2024-05-10T12:30:00+05:30,22017.95,22042.2,22017.95,22024.75,22052.037779391445,5189814,70,60,40,30,42.3539973585003,60,40,70,30,25.860462277366818,44.47761003696349
2024-05-10T12:45:00+05:30,22024.5,22027.3,21991.7,21994.7,22050.072897686212,6547628,70,60,40,30,38.446571403649806,60,38.446571403649806,70,30,26.35259099983368,43.84349503432314
2024-05-10T13:00:00+05:30,21995.35,22018.85,21985.15,21992.5,22047.912848475476,6962102,70,60,40,30,38.16893952399759,60,38.16893952399759,70,30,26.924492096343762,43.11895967472842
2024-05-10T13:15:00+05:30,21992.35,22017.95,21985.2,22016.5,22046.319388565833,6617202,70,60,40,30,43.00428149566792,60,40,70,30,27.455543114531693,42.37831969796211
2024-05-10T13:30:00+05:30,22015.8,22038.45,22011.5,22035.05,22045.660069043653,6536163,70,60,40,30,46.487593200359484,60,40,70,30,27.181822280048706,41.276296862393444
2024-05-10T13:45:00+05:30,22035.35,22062.4,22026.2,22059.95,22045.784421718985,5940840,70,60,40,30,50.83146951933399,60,40,70,30,26.12102750190847,40.91370422936539
2024-05-10T14:00:00+05:30,22059.7,22061.9,22018.5,22027.05,22045.39104329198,7570021,70,60,40,30,45.56808630350131,60,40,70,30,25.327987967768856,41.09129678441082
2024-05-10T14:15:00+05:30,22026.85,22036.8,22015.6,22018.35,22044.464783484334,8508560,70,60,40,30,44.26287746088762,60,40,70,30,24.66614749305087,39.67048987123867
2024-05-10T14:30:00+05:30,22017.65,22035.5,22009.15,22030.65,22043.573804504522,9661497,70,60,40,30,46.5920192007475,60,40,70,30,24.22291977473662,38.71902630900723
2024-05-10T14:45:00+05:30,22029.75,22043.8,22020.6,22037.3,22043.052838411968,11952074,70,60,40,30,47.86060138780223,60,40,70,30,23.489015709133394,37.61052442979248
2024-05-10T15:00:00+05:30,22037.7,22072.4,22036.75,22054.6,22044.101763069855,22210026,70,60,40,30,51.11378098825732,60,40,70,30,21.82299202176873,37.470486970521684
2024-05-10T15:15:00+05:30,22054.2,22067.45,22041.4,22054,22044.871546691324,19968678,70,60,40,30,50.99494199733626,60,40,70,30,20.275970026358685,36.65473790119865
2024-05-13T09:15:00+05:30,22037.3,22067.3,21929.4,21951.8,21982.833333333332,30590202,70,60,40,30,35.74863303701831,60,35.74863303701831,70,30,21.391620123046444,43.88654233682717
2024-05-13T09:30:00+05:30,21952.2,21965,21851.6,21857.4,21946.879303460355,19800555,70,60,40,30,27.554021235380205,60,27.554021235380205,70,27.554021235380205,23.39909631473,48.85178931276819
2024-05-13T09:45:00+05:30,21856.8,21897.7,21855.45,21860.35,21930.952938010974,13423510,70,60,40,30,28.10862199267855,60,28.10862199267855,70,28.10862199267855,25.263181349864727,48.380232933284745
2024-05-13T10:00:00+05:30,21861.55,21886.6,21828.4,21886.1,21918.43436867521,15541775,70,60,40,30,32.93479961239986,60,32.93479961239986,70,30,27.278424054202567,49.08164486662134
2024-05-13T10:15:00+05:30,21885.2,21889.75,21845,21873.8,21912.796471847694,10337412,70,60,40,30,31.835415205124065,60,31.835415205124065,70,30,29.04243008475355,48.77224166186267
2024-05-13T10:30:00+05:30,21874,21876.1,21824.85,21832.85,21906.688529091516,8823570,70,60,40,30,28.432556360197225,60,28.432556360197225,70,28.432556360197225,30.897108960363255,48.94922440030105
2024-05-13T10:45:00+05:30,21832.75,21879.6,21821.05,21873.25,21902.572211667237,9091411,70,60,40,30,35.73125417770741,60,35.73125417770741,70,30,32.660013832182884,49.634994085993775
2024-05-13T11:00:00+05:30,21873.55,21921.55,21861.2,21911.1,21902.17937222479,9995062,70,60,40,30,41.727290970331204,60,40,70,30,32.84268728867187,50.40035165127983
2024-05-13T11:15:00+05:30,21911.05,21949.4,21910.7,21936.15,21904.27871829861,8879477,70,60,40,30,45.360557463276315,60,40,70,30,32.1859414010528,49.564612247617035
2024-05-13T11:30:00+05:30,21936.9,21989.75,21932.95,21962.75,21908.134155033145,9083910,70,60,40,30,48.99707525225817,60,40,70,30,30.53591553109652,50.08142565850148
2024-05-13T11:45:00+05:30,21962.7,21977.95,21947.2,21971.6,21910.7826091518,6551787,70,60,40,30,50.18499192841571,60,40,70,30,29.003748651851396,48.700609540037085
2024-05-13T12:00:00+05:30,21971.15,21990.55,21969.1,21985.4,21914.037124763567,6837448,70,60,40,30,52.06002611310566,60,40,70,30,27.262273275076364,46.75413743003448
2024-05-13T12:15:00+05:30,21986.85,22024.3,21967,22023.6,21917.933586726638,6668750,70,60,40,30,56.89651635933663,60,40,70,30,25.77352277166745,47.507413327889104
2024-05-13T12:30:00+05:30,22023.1,22041,22017.25,22022.45,21922.483650165155,6781534,70,60,40,30,56.7110269170348,60,40,70,30,24.747048422330725,45.81045523303988
2024-05-13T12:45:00+05:30,22022.55,22024.25,21989.5,22019.7,21925.25891494083,5247585,70,60,40,30,56.238866457911314,60,40,70,30,23.101604964040206,45.02042271639418
2024-05-13T13:00:00+05:30,22019.15,22034.9,22010.95,22029.2,21928.255505369052,5192066,70,60,40,30,57.553602399488085,60,40,70,30,21.81737649149067,43.51539252236608
2024-05-13T13:15:00+05:30,22029.1,22038.05,21966.1,21973.6,21930.93026213613,7498753,70,60,40,30,48.390439473623395,60,40,70,30,20.914337138259082,45.5464359136257
2024-05-13T13:30:00+05:30,21973.65,21979.2,21934,21978.45,21932.15524594158,6962899,70,60,40,30,49.15095369349316,60,40,70,30,20.691355561763473,45.521690491223914
2024-05-13T13:45:00+05:30,21977.75,22104.1,21967.6,22102,21938.80855226036,10464358,70,60,40,30,63.78948663402351,63.78948663402351,40,70,30,20.336050481076164,52.02014117042221
2024-05-13T14:00:00+05:30,22102.6,22111.65,22078.5,22103.05,21944.829841603754,7788199,70,60,40,30,63.88464300859059,63.88464300859059,40,70,30,20.115586438095427,50.67227394396358
2024-05-13T14:15:00+05:30,22103.4,22123.45,22080.05,22100.1,21951.30974941154,8886579,70,60,40,30,63.38070436028519,63.38070436028519,40,70,30,20.086388238825165,50.152825805109146
2024-05-13T14:30:00+05:30,22099.75,22127.15,22099.5,22121.45,21958.860845420106,10302749,70,60,40,30,65.50169843596373,65.50169843596373,40,70,30,20.116213640022302,48.545481104744304
2024-05-13T14:45:00+05:30,22120.55,22130.7,22106.6,22119.75,21967.675965410654,13090957,70,60,40,30,65.17798099572084,65.17798099572084,40,70,30,20.201565147063423,46.79937531154844
2024-05-13T15:00:00+05:30,22120,22129.75,22070.55,22098.45,21978.213085215262,20648836,70,60,40,30,61.10330040626565,61.10330040626565,40,70,30,19.414788160621203,47.685134217866455
2024-05-13T15:15:00+05:30,22098.7,22131.65,22092.15,22119.4,21987.306962100007,18495668,70,60,40,30,63.519029124186424,63.519029124186424,40,70,30,18.72079925153151,47.10048177373314
2024-05-14T09:15:00+05:30,22132.1,22182.7,22095.15,22129.9,22135.916666666668,25346910,70,60,40,30,64.70226730348764,64.70226730348764,40,70,30,18.98142277197301,49.989733075609294
2024-05-14T09:30:00+05:30,22130.05,22150.5,22102.15,22143.7,22134.570619580645,13903337,70,60,40,30,66.25156165931985,66.25156165931985,40,70,30,19.223430326668687,49.87260928449424
2024-05-14T09:45:00+05:30,22143.5,22167.55,22116.4,22141.6,22136.157985193724,10945947,70,60,40,30,65.77841538194997,65.77841538194997,40,70,30,19.73399038111149,49.96385147845878
2024-05-14T10:00:00+05:30,22142.45,22143.35,22081.25,22099.1,22131.961115586997,8755491,70,60,40,30,56.918897205090815,60,40,70,30,19.281116210810463,50.830719229997335
2024-05-14T10:15:00+05:30,22099.2,22139.95,22098.8,22137.2,22131.293211991146,6588094,70,60,40,30,61.87618142770993,61.87618142770993,40,70,30,18.86059019553094,50.13923928499763
2024-05-14T10:30:00+05:30,22137.1,22155.35,22124.1,22155.25,22132.582087929375,6857708,70,60,40,30,63.99022681697144,63.99022681697144,40,70,30,18.776890219159966,48.790007907497795
2024-05-14T10:45:00+05:30,22155.75,22157.25,22128.75,22143.5,22133.41873285049,6213726,70,60,40,30,61.59573212450875,61.59573212450875,40,70,30,18.737655813133316,47.3407216283908
2024-05-14T11:00:00+05:30,22143.8,22180.65,22140.7,22178.9,22135.863875823557,6223366,70,60,40,30,65.75355345720934,65.75355345720934,40,70,30,19.167829822194623,46.812812940648655
2024-05-14T11:15:00+05:30,22179.05,22189.8,22159.25,22162.4,22138.31186041686,6455214,70,60,40,30,62.364420626920605,62.364420626920605,40,70,30,19.74218616136196,45.651183444887984
2024-05-14T11:30:00+05:30,22161.7,22183.65,22155.75,22176.75,22140.221974092892,5478627,70,60,40,30,64.09760750818766,64.09760750818766,40,70,30,20.15531023822518,44.38324177025323
2024-05-14T11:45:00+05:30,22177.3,22189.65,22172.2,22180.95,22142.210265046426,4968712,70,60,40,30,64.61128863363044,64.61128863363044,40,70,30,20.6657505891606,42.45943878666377
2024-05-14T12:00:00+05:30,22181.9,22202.15,22179.05,22185.3,22144.2714554191,4705807,70,60,40,30,65.1671719046947,65.1671719046947,40,70,30,21.403387658721527,41.076621730473654
2024-05-14T12:15:00+05:30,22185.65,22186.25,22167,22185.05,22145.866189119355,5056973,70,60,40,30,65.10387810763117,65.10387810763117,40,70,30,21.61983296786939,39.517577321154114
2024-05-14T12:30:00+05:30,22184.9,22200.6,22183.2,22194.65,22148.122001977707,5627583,70,60,40,30,66.45136049358497,66.45136049358497,40,70,30,22.146515159937668,37.937750369642956
2024-05-14T12:45:00+05:30,22194.45,22231.8,22192.15,22223.75,22152.490400217408,8069118,70,60,40,30,70.20686721185454,70.20686721185454,40,70.20686721185454,30,23.263457680151344,38.0600539146683
2024-05-14T13:00:00+05:30,22223.5,22236.85,22214.95,22220.45,22156.908976391067,8235148,70,60,40,30,69.26001575759044,69.26001575759044,40,70,30,24.39448968201281,36.905764349334696
2024-05-14T13:15:00+05:30,22220.35,22233,22202.2,22230.8,22159.678748382485,5930169,70,60,40,30,70.5992948711782,70.5992948711782,40,70.5992948711782,30,24.905099942058186,36.46963832438217
2024-05-14T13:30:00+05:30,22230.75,22241.45,22222.8,22241.25,22164.241700595303,8965839,70,60,40,30,71.92908951313036,71.92908951313036,40,71.92908951313036,30,25.56171588127706,35.19680701549783
2024-05-14T13:45:00+05:30,22241.5,22260.85,22233.85,22258.5,22168.492759779037,7636191,70,60,40,30,74.01816505341924,74.01816505341924,40,74.01816505341924,30,26.569073799227326,34.61132080010513
2024-05-14T14:00:00+05:30,22258.65,22270.05,22246,22250.85,22172.991030982885,8489214,70,60,40,30,71.47763216608358,71.47763216608358,40,71.47763216608358,30,27.68271218637838,33.85694074295471
2024-05-14T14:15:00+05:30,22250.7,22266.4,22217.7,22256.6,22177.07484482228,9618255,70,60,40,30,72.24864532041242,72.24864532041242,40,72.24864532041242,30,27.493260848819002,34.91715926131514
2024-05-14T14:30:00+05:30,22256.3,22259.75,22226.15,22236.9,22179.578922065793,7104433,70,60,40,30,65.69625322426144,65.69625322426144,40,70,30,27.31734174965672,34.82307645693539
2024-05-14T14:45:00+05:30,22236.25,22248.55,22228.2,22236.75,22182.80966421134,10637831,70,60,40,30,65.64743323991,65.64743323991,40,70,30,27.1539883004346,33.7892852814399
2024-05-14T15:00:00+05:30,22235.8,22238.1,22195.4,22222.05,22185.85238644479,17867707,70,60,40,30,60.87329894256505,60.87329894256505,40,70,30,25.675905994829023,34.42576490419399
2024-05-14T15:15:00+05:30,22221.1,22226.95,22214.3,22223.8,22188.896999117514,19471486,70,60,40,30,61.23472968961444,61.23472968961444,40,70,30,24.303400996766708,32.87035312532309
2024-05-15T09:15:00+05:30,22265,22278.55,22241.6,22275.9,22265.349999999995,23371219,70,60,40,30,70.09237282934657,70.09237282934657,40,70.09237282934657,30,24.453421410117688,34.433185044942874
2024-05-15T09:30:00+05:30,22276.45,22286.05,22248.45,22283.55,22267.951633491506,12850212,70,60,40,30,71.13529263897021,71.13529263897021,40,71.13529263897021,30,24.76249613224682,34.65938611316114
2024-05-15T09:45:00+05:30,22283.95,22297.55,22244.25,22249.4,22266.897497045207,12067116,70,60,40,30,60.92217539598175,60.92217539598175,40,70,30,25.307044248138403,35.99085853364958
2024-05-15T10:00:00+05:30,22249.8,22252.95,22168.9,22189.6,22253.293983403615,13276668,70,60,40,30,47.94190730805644,60,40,70,30,23.675064140271516,39.42365435267455
2024-05-15T10:15:00+05:30,22190.4,22202.2,22161.45,22168.85,22242.82763602071,9863558,70,60,40,30,44.40637219540834,60,40,70,30,22.34959354700435,39.518393327483516
2024-05-15T10:30:00+05:30,22170.55,22174.65,22151.75,22165.2,22233.990963785018,9001055,70,60,40,30,43.794558150283464,60,40,70,30,21.368327535231092,38.331365232663366
2024-05-15T10:45:00+05:30,22165,22197.8,22158.65,22193.3,22230.198057536858,6497879,70,60,40,30,49.55660273730811,60,40,70,30,19.89755914279181,38.389839144615834
2024-05-15T11:00:00+05:30,22193.45,22254.9,22192.8,22230.35,22229.869321828442,7417285,70,60,40,30,55.966460858976085,60,40,70,30,19.855391155785547,40.08342206285772
2024-05-15T11:15:00+05:30,22230.45,22239.25,22174.6,22177.7,22227.831670629494,6272516,70,60,40,30,46.854879438701005,60,40,70,30,19.30286328411799,41.83817762979656
2024-05-15T11:30:00+05:30,22176.55,22191.05,22164.5,22184.45,22225.438798459352,5298662,70,60,40,30,48.023209248001784,60,40,70,30,18.511495723005076,40.7461649419539
2024-05-15T11:45:00+05:30,22184.35,22228.75,22179.75,22223.9,22224.837396973922,4537746,70,60,40,30,54.340886738913575,60,40,70,30,18.580156439162394,41.33572458895719
2024-05-15T12:00:00+05:30,22223.8,22226.25,22202.4,22204.05,22224.327979849626,4190289,70,60,40,30,50.98295994500292,60,40,70,30,18.643912818451337,40.08674426117443
2024-05-15T12:15:00+05:30,22203.85,22213,22175.55,22205.5,22223.10032592044,5610960,70,60,40,30,51.220085147774164,60,40,70,30,17.918574880070754,39.89840538537631
2024-05-15T12:30:00+05:30,22204.5,22214.75,22196.3,22204.5,22222.384150418835,5006960,70,60,40,30,51.03671441431824,60,40,70,30,17.28695546127063,38.36637642927805
2024-05-15T12:45:00+05:30,22204.15,22208.2,22185.1,22189.9,22221.094832145103,6049963,70,60,40,30,48.316976740115415,60,40,70,30,16.37073167265575,37.27592097004406
2024-05-15T13:00:00+05:30,22190.55,22217.3,22187.35,22191.9,22220.163993386777,5734748,70,60,40,30,48.720114224573216,60,40,70,30,15.763632137499487,36.752640900755246
2024-05-15T13:15:00+05:30,22191.2,22207.85,22176.25,22192.6,22219.175787031498,5026660,70,60,40,30,48.87043882712918,60,40,70,30,14.854675235933176,36.38459512212977
2024-05-15T13:30:00+05:30,22193,22193.65,22164.3,22189.7,22217.858892439657,5298830,70,60,40,30,48.23952409132427,60,40,70,30,13.940045074795465,35.8821240419778
2024-05-15T13:45:00+05:30,22190.3,22197.05,22168.45,22188.75,22216.422142346364,6685282,70,60,40,30,48.020816296712376,60,40,70,30,12.982099467345453,35.36197232469356
2024-05-15T14:00:00+05:30,22189,22225.8,22185.5,22211.45,22216.020685986718,7330191,70,60,40,30,53.45149287225426,60,40,70,30,12.875181077142814,35.7146885872154
2024-05-15T14:15:00+05:30,22210.4,22215.45,22182.15,22190.65,22215.166647378806,7222614,70,60,40,30,48.45583459238802,60,40,70,30,12.658243386851623,35.542210830985674
2024-05-15T14:30:00+05:30,22192.95,22217.95,22184.55,22202.45,22214.50339136807,8700573,70,60,40,30,51.24002973816727,60,40,70,30,12.532375615531008,35.38919577162966
2024-05-15T14:45:00+05:30,22201.85,22227.95,22201.05,22224.35,22214.667786363625,9355994,70,60,40,30,55.991258094523026,60,40,70,30,12.72174819401512,34.78282464508479
2024-05-15T15:00:00+05:30,22221.95,22233.55,22183.45,22205.05,22213.883190918757,22417539,70,60,40,30,51.25159237141763,60,40,70,30,12.209952984705197,35.8769085990072
2024-05-15T15:15:00+05:30,22203.45,22214.95,22188.9,22210.4,22213.017894681987,21882239,70,60,40,30,52.45311165063744,60,40,70,30,11.73471457606027,35.17498655622092
2024-05-16T09:15:00+05:30,22324.3,22330,22281.2,22313.15,22308.11666666667,31071688,70,60,40,30,68.50741223493719,68.50741223493719,40,70,30,13.909976069850593,41.205344659347894
2024-05-16T09:30:00+05:30,22310.95,22316.65,22236.35,22239.35,22289.633900623947,22505995,70,60,40,30,54.3203865213083,60,40,70,30,14.507648052319164,43.99782004082325
2024-05-16T09:45:00+05:30,22239.2,22265.75,22226.8,22241.55,22280.191364511847,14254431,70,60,40,30,54.62206858457183,60,40,70,30,14.790893863730197,43.63726146647878
2024-05-16T10:00:00+05:30,22239.5,22260.25,22216.35,22244.45,22273.875529107034,12778813,70,60,40,30,55.0435506245031,60,40,70,30,14.754626416442843,43.656028504587546
2024-05-16T10:15:00+05:30,22244.7,22250.75,22165.15,22186.1,22262.77885339693,14401575,70,60,40,30,45.821434155589436,60,40,70,30,13.964230238104964,46.65202646854548
2024-05-16T10:30:00+05:30,22186.9,22217.9,22182.75,22215.25,22258.15677196462,8308406,70,60,40,30,50.3011728688868,60,40,70,30,13.230290929648358,45.83045314936377
2024-05-16T10:45:00+05:30,22213.5,22215.1,22131.05,22163.15,22249.285430476317,11526777,70,60,40,30,43.39484532604824,60,40,70,30,13.618679273961401,48.57113506726641
2024-05-16T11:00:00+05:30,22163.8,22185.6,22127.35,22147.1,22241.98345976972,9461601,70,60,40,30,41.504312256154435,60,40,70,30,14.04813583596874,49.26248256246167
2024-05-16T11:15:00+05:30,22146.75,22153.4,22105.95,22139.7,22232.18696117217,12279844,70,60,40,30,40.625519580393274,60,40,70,30,14.841339184511524,49.13301952228589
2024-05-16T11:30:00+05:30,22139.75,22182.4,22129.8,22182.4,22228.265542370933,8448465,70,60,40,30,47.529355262099074,60,40,70,30,14.763210601681163,49.38066098497991
2024-05-16T11:45:00+05:30,22181.75,22182.7,22149.55,22164.95,22225.40192103423,6960660,70,60,40,30,45.21553034897636,60,40,70,30,14.68242215789414,48.22132805748145
2024-05-16T12:00:00+05:30,22167.3,22290.35,22155.35,22289.5,22226.564816447928,9553535,70,60,40,30,60.13349859286445,60.13349859286445,40,70,30,14.945389631376996,54.41980462480421
2024-05-16T12:15:00+05:30,22291.15,22303.55,22175,22180.2,22226.15572447729,10055631,70,60,40,30,47.82582882181227,60,40,70,30,15.398618550328663,59.71481858017528
2024-05-16T12:30:00+05:30,22177.5,22188.2,22143.1,22174.85,22223.738859266727,7537904,70,60,40,30,47.315347680915764,60,40,70,30,15.080130398966688,58.67090296730578
2024-05-16T12:45:00+05:30,22174.55,22186.85,22130.45,22141.15,22221.222442001963,6590151,70,60,40,30,44.120717668136706,60,40,70,30,14.505750426791225,58.508695612498066
2024-05-16T13:00:00+05:30,22141.45,22151.85,22103.8,22128.15,22216.751580513752,9349403,70,60,40,30,42.91694233688733,60,40,70,30,13.531733307611441,57.76164592589101
2024-05-16T13:15:00+05:30,22128.55,22128.65,22070.5,22075.05,22208.98040730739,12893631,70,60,40,30,38.318155129875514,60,38.318155129875514,70,30,13.267598772219863,57.789385502613186
2024-05-16T13:30:00+05:30,22073.8,22095.2,22058.8,22070.2,22201.782865939615,11782286,70,60,40,30,37.918488890064836,60,37.918488890064836,70,30,13.235410311952403,56.26157225242663
2024-05-16T13:45:00+05:30,22072.25,22121.8,22054.55,22112.35,22196.353816417497,11916565,70,60,40,30,43.439824489876756,60,40,70,30,12.601676205982223,57.04645994868188
2024-05-16T14:00:00+05:30,22113.15,22137.2,22062.6,22065.5,22191.370664659753,11215401,70,60,40,30,39.26025385696267,60,39.26025385696267,70,30,11.722633632667431,58.300284238061906
2024-05-16T14:15:00+05:30,22065.1,22141.45,22060.45,22126.2,22187.73978264217,11252774,70,60,40,30,46.449318496233474,60,40,70,30,10.999617268652337,59.92169250677177
2024-05-16T14:30:00+05:30,22127.8,22245.5,22127.15,22244.05,22189.49161487241,27696355,70,60,40,30,57.07261746114713,60,40,70,30,12.131786220081198,64.16300018485944
2024-05-16T14:45:00+05:30,22243.4,22360.65,22240.2,22360.65,22199.297050070043,22801280,70,60,40,30,64.5630142248502,64.5630142248502,40,70,30,14.40677224202127,68.18350017165525
2024-05-16T15:00:00+05:30,22361.95,22408.75,22361.25,22403.25,22219.316784898547,35506771,70,60,40,30,66.83960926584746,66.83960926584746,40,70,30,16.900633195893235,66.74896444510834
2024-05-16T15:15:00+05:30,22403.45,22432.25,22388.8,22392.35,22233.23528867867,27649011,70,60,40,30,65.67697337860437,65.67697337860437,40,70,30,19.389226046026558,65.08475269902922
2024-05-17T09:15:00+05:30,22426.5,22431.25,22353.05,22376.65,22386.983333333337,29212730,70,60,40,30,63.951460802478664,63.951460802478664,40,70,30,20.91363328620172,66.02155607767004
2024-05-17T09:30:00+05:30,22376.3,22400.35,22345.65,22359.25,22381.254062592598,13037507,70,60,40,30,62.00708332870029,62.00708332870029,40,70,30,22.169154854992453,65.2128735006934
2024-05-17T09:45:00+05:30,22358.9,22420.2,22351.65,22407.05,22383.25303227177,8694680,70,60,40,30,65.14246301510667,65.14246301510667,40,70,30,23.528130014365694,65.45123967921525
2024-05-17T10:00:00+05:30,22407.2,22417.9,22370.1,22391.8,22385.019952401795,10915329,70,60,40,30,63.34634166809405,63.34634166809405,40,70,30,24.79003551949799,64.1904368449858
2024-05-17T10:15:00+05:30,22390.85,22439.1,22382.75,22429.6,22389.332833954963,9591053,70,60,40,30,65.8591128412451,65.8591128412451,40,70,30,26.178701978002668,63.63040564177242
2024-05-17T10:30:00+05:30,22429.15,22471.65,22425,22458,22397.75960065107,11193511,70,60,40,30,67.65333551783067,67.65333551783067,40,70,30,27.78153918407853,62.417519524503064
2024-05-17T10:45:00+05:30,22457.95,22464.65,22425.35,22458.75,22402.103083970418,7560330,70,60,40,30,67.70160915606405,67.70160915606405,40,70,30,29.26988801829183,60.76626812989591
2024-05-17T11:00:00+05:30,22457.9,22473.7,22450.3,22469.3,22407.011295460783,7710383,70,60,40,30,68.41565851536711,68.41565851536711,40,70,30,30.74271888177922,58.0972489777606
2024-05-17T11:15:00+05:30,22469.2,22479.15,22441.5,22459.2,22410.201653616936,6279316,70,60,40,30,66.89101355603131,66.89101355603131,40,70,30,31.839997745480364,56.636731193634944
2024-05-17T11:30:00+05:30,22459.3,22485,22454.85,22483.5,22415.174758228357,8741792,70,60,40,30,68.69839335350868,68.69839335350868,40,70,30,32.92725659352058,54.744821822661116
2024-05-17T11:45:00+05:30,22484.1,22490.8,22474.05,22480.85,22420.134582268693,9068923,70,60,40,30,68.26077148752269,68.26077148752269,40,70,30,34.007210313191614,52.030905978185324
2024-05-17T12:00:00+05:30,22480.75,22482.1,22453.7,22458.1,22422.58366116867,7105911,70,60,40,30,64.4642028128638,64.4642028128638,40,70,30,34.315409402161464,50.342984122600505
2024-05-17T12:15:00+05:30,22458.55,22485.2,22456.75,22477.4,22425.013846488324,6522794,70,60,40,30,66.18258991024571,66.18258991024571,40,70,30,34.64856238275064,48.77919954241481
2024-05-17T12:30:00+05:30,22477.45,22486.45,22471.35,22474.35,22427.201178100928,5912004,70,60,40,30,65.64237515634272,65.64237515634272,40,70,30,34.978003881170224,46.37354243224247
2024-05-17T12:45:00+05:30,22474.2,22477.55,22450.85,22464.2,22428.67135605722,5857195,70,60,40,30,63.776701734584925,63.776701734584925,40,70,30,34.5352689401011,44.96828940136806
2024-05-17T13:00:00+05:30,22463.3,22479,22441.45,22474.6,22429.91781330183,5234704,70,60,40,30,64.87819081779459,64.87819081779459,40,70,30,33.794544071248936,44.43841158698457
2024-05-17T13:15:00+05:30,22474,22487.1,22467.85,22483.6,22431.768584594894,5916433,70,60,40,30,65.84608212337906,65.84608212337906,40,70,30,33.281054161408996,42.63923933077139
2024-05-17T13:30:00+05:30,22484.75,22502.15,22455.8,22475.3,22433.445268745887,6000397,70,60,40,30,64.09190612732819,64.09190612732819,40,70,30,33.12140961861628,42.90429366428788
2024-05-17T13:45:00+05:30,22475.15,22487.9,22469.7,22472.8,22434.920496747618,5796538,70,60,40,30,63.542800147512914,63.542800147512914,40,70,30,32.97316825745162,41.13970125969594
2024-05-17T14:00:00+05:30,22473.2,22493.3,22472.65,22482.1,22436.65451913802,6417575,70,60,40,30,64.75258429436033,64.75258429436033,40,70,30,32.956467798336334,39.67615116971751
2024-05-17T14:15:00+05:30,22483.1,22488.45,22466.1,22469.65,22438.320976956362,8090063,70,60,40,30,61.79622241258859,61.79622241258859,40,70,30,32.64626452018585,38.43856894330927
2024-05-17T14:30:00+05:30,22469.8,22491.55,22466.8,22477.4,22440.231456914127,9208669,70,60,40,30,62.9307912188243,62.9307912188243,40,70,30,32.43773715783028,37.46081401878718
2024-05-17T14:45:00+05:30,22477.3,22480.65,22460.15,22463.4,22441.456381994383,8933334,70,60,40,30,59.49358426498479,60,40,70,30,31.921881511781073,36.249327303159525
2024-05-17T15:00:00+05:30,22464.7,22474.8,22443.5,22474.4,22443.433224979653,19293238,70,60,40,30,61.28293017210724,61.28293017210724,40,70,30,30.67614760049164,35.89580392436236
2024-05-17T15:15:00+05:30,22473.4,22485.75,22461,22465.55,22445.590468637398,19047483,70,60,40,30,59.02384174449943,60,40,70,30,29.869038806617382,35.09967507262219
2024-05-18T09:15:00+05:30,22519.85,22519.85,22495.7,22512.05,22509.2,4337313,70,60,40,30,66.09582542214875,66.09582542214875,40,70,30,30.04702849424121,36.47112685314912
2024-05-18T09:30:00+05:30,22511.95,22518.8,22508.65,22509.45,22510.304340761755,2400145,70,60,40,30,65.41599740752761,65.41599740752761,40,70,30,30.21230463274906,34.59104636363831
2024-05-18T09:45:00+05:30,22510.2,22512.5,22470.1,22482.25,22504.16081261524,2606948,70,60,40,30,58.622833800529314,60,40,70,30,28.71750360742327,35.14882876623568
2024-05-18T10:00:00+05:30,22481.9,22520.25,22470.05,22481.9,22504.158232342226,1796,70,60,40,30,58.53859460279792,60,40,70,30,27.56515214257322,36.223912425790324
2024-05-18T11:30:00+05:30,22499.05,22505.85,22488.25,22495.85,22502.687534124187,2276665,70,60,40,30,60.94732946371482,60.94732946371482,40,70,30,26.495111496641023,35.34720439537652
2024-05-18T11:45:00+05:30,22495.5,22497.15,22490.05,22493.5,22501.514883481832,1714795,70,60,40,30,60.311669777053844,60.311669777053844,40,70,30,25.50150232541827,33.32954693856407
2024-05-18T12:00:00+05:30,22494.75,22510.6,22487.4,22506.75,22501.525588702058,2472656,70,60,40,30,62.675399703215874,62.675399703215874,40,70,30,25.03516091843065,32.60600787152357
2024-05-18T12:15:00+05:30,22507,22511.8,22496.5,22506.8,22502.073342914682,2925742,70,60,40,30,62.68443128669474,62.68443128669474,40,70,30,24.64248434438523,31.36986445212898
2024-05-18T12:30:00+05:30,22506.75,22506.75,22502,22502,22502.074117577442,9617,70,60,40,30,61.15456479968557,61.15456479968557,40,70,30,24.27785609705734,29.47201699126257
2024-05-21T09:15:00+05:30,22448.75,22509.05,22440.9,22470.05,22473.333333333332,39992899,70,60,40,30,52.04875641489256,60,40,70,30,23.63842696609386,32.23473006331509
2024-05-21T09:30:00+05:30,22469.4,22484.3,22454.55,22473.5,22472.415948420876,22472463,70,60,40,30,52.86490074731908,60,40,70,30,23.044671344484914,32.05724934450687
2024-05-21T09:45:00+05:30,22472.3,22483.2,22449,22461.6,22470.819533111022,16033464,70,60,40,30,49.72133583906667,60,40,70,30,22.67361527202801,32.21030296275644
2024-05-21T10:00:00+05:30,22461.45,22485.75,22457.4,22465.7,22470.659672210222,12031473,70,60,40,30,50.8067172868924,60,40,70,30,22.20670890994912,31.93456703684516
2024-05-21T10:15:00+05:30,22465.75,22482.75,22460.45,22479.5,22471.12983632951,13714883,70,60,40,30,54.37669358572936,60,40,70,30,21.773153002304444,31.24638367707045
2024-05-21T10:30:00+05:30,22478.6,22480.45,22457.8,22458.05,22470.64435688779,9711891,70,60,40,30,48.48669725280033,60,40,70,30,21.473697420751105,30.632356271565524
2024-05-21T10:45:00+05:30,22457.65,22482.75,22454.1,22477.95,22470.724479778684,10428737,70,60,40,30,53.51713291519289,60,40,70,30,21.344188191825783,30.490759395025233
2024-05-21T11:00:00+05:30,22478.05,22507.75,22476.8,22503.85,22472.65368052865,10220134,70,60,40,30,59.11340157392213,60,40,70,30,19.89798255159284,30.523562295380625
2024-05-21T11:15:00+05:30,22503.8,22515.25,22499.45,22512.05,22475.3023161927,10606247,70,60,40,30,60.725583902162484,60.725583902162484,40,70,30,18.742971664729268,29.471879274281957
2024-05-21T11:30:00+05:30,22512.15,22522.7,22498.35,22515.9,22477.574528967292,9497199,70,60,40,30,61.49330067652696,61.49330067652696,40,70,30,18.00450016912552,29.106030754690543
2024-05-21T11:45:00+05:30,22516.2,22543.7,22513.5,22537.6,22480.87055570807,10051880,70,60,40,30,65.57758793701173,65.57758793701173,40,70,30,18.159554259547807,29.18417141506984
2024-05-21T12:00:00+05:30,22537.9,22547.8,22528.2,22546.3,22484.877327416612,11811927,70,60,40,30,67.08495373832608,67.08495373832608,40,70,30,18.453541018932672,28.49958774256475
2024-05-21T12:15:00+05:30,22546.45,22549.8,22524.75,22530.9,22487.711701154152,10550008,70,60,40,30,61.916398115744265,61.916398115744265,40,70,30,18.523151103589424,28.253188618095784
2024-05-21T12:30:00+05:30,22530.85,22556.8,22530.85,22553.55,22490.67134717175,9820291,70,60,40,30,66.0583851891211,66.0583851891211,40,70,30,18.86643834124436,28.088675145374708
2024-05-21T12:45:00+05:30,22553.45,22583.7,22550.75,22582.15,22494.81105937589,10534960,70,60,40,30,70.43142672650421,70.43142672650421,40,70.43142672650421,30,20.099374667613095,28.435912634990853
2024-05-21T13:00:00+05:30,22582.1,22591.1,22564.05,22573.75,22498.948573882382,11097987,70,60,40,30,67.67359181025856,67.67359181025856,40,70,30,21.459230784259823,28.336918875348598
2024-05-21T13:15:00+05:30,22573.05,22578.5,22541.85,22554.1,22501.386149830007,9386197,70,60,40,30,61.59739187515619,61.59739187515619,40,70,30,21.408834750865804,28.93071038425237
2024-05-21T13:30:00+05:30,22553.6,22569.15,22532.2,22542.2,22502.920037554508,7782537,70,60,40,30,58.18993928222217,60,40,70,30,20.859630713856685,29.503516785377254
2024-05-21T13:45:00+05:30,22541.7,22555.9,22539.55,22542.95,22504.54782638025,9227815,70,60,40,30,58.34633315095538,60,40,70,30,20.349655536633925,28.563979872136176
2024-05-21T14:00:00+05:30,22543.85,22561.4,22531.75,22535.5,22505.902650155527,8974827,70,60,40,30,56.10145515254181,60,40,70,30,19.455535389554427,28.641552738412265
2024-05-21T14:15:00+05:30,22535.65,22546.95,22525.75,22541.1,22507.574357743535,13983558,70,60,40,30,57.42740097111615,60,40,70,30,18.308504402858336,28.110013257097158
2024-05-21T14:30:00+05:30,22540.25,22551.45,22536.5,22547.1,22509.156033993688,11817435,70,60,40,30,58.861158201393415,60,40,70,30,17.465249095433062,27.1700123101617
2024-05-21T14:45:00+05:30,22546.5,22551.85,22514.3,22516.25,22509.996777375636,13462991,70,60,40,30,49.60987114130858,60,40,70,30,16.86307452388466,27.911440002292952
2024-05-21T15:00:00+05:30,22516.05,22551,22506.15,22525.35,22511.37830003689,25126305,70,60,40,30,52.00611055736707,60,40,70,30,16.6582432476635,29.121337144986207
2024-05-21T15:15:00+05:30,22526.15,22530.15,22498.25,22507.55,22511.422243173576,24931421,70,60,40,30,47.27087415512588,60,40,70,30,16.79891817807058,29.319813063201583
2024-05-22T09:15:00+05:30,22577.4,22577.4,22529.05,22557.7,22554.716666666664,32994410,70,60,40,30,58.68475308905086,60,40,70,30,16.450906494183897,32.214826415830196
2024-05-22T09:30:00+05:30,22557.65,22573.95,22496.75,22506.35,22541.486623483263,27621936,70,60,40,30,47.376408816357326,60,40,70,30,15.698234607200657,35.428053100413806
2024-05-22T09:45:00+05:30,22506.1,22562.45,22483.15,22554.3,22539.38572310189,20925846,70,60,40,30,55.9184793748857,60,40,70,30,15.452307365428899,38.56176359324134
2024-05-22T10:00:00+05:30,22554.6,22566.6,22519.3,22558.4,22540.48211619328,11735844,70,60,40,30,56.56767513951094,60,40,70,30,15.050190339170552,39.18592333658119
2024-05-22T10:15:00+05:30,22558.6,22563.25,22536.15,22544.5,22541.203632372442,9951393,70,60,40,30,53.68126854920014,60,40,70,30,14.676795957644945,38.322643098253856
2024-05-22T10:30:00+05:30,22545.3,22561.2,22535.05,22546.4,22541.731767212423,9370381,70,60,40,30,54.026586703143195,60,40,70,30,14.372697273291665,37.45316859123583
2024-05-22T10:45:00+05:30,22545.95,22575.55,22541.85,22555.75,22542.74905638614,7652963,70,60,40,30,55.7739515115658,60,40,70,30,13.419439120230267,37.18508512043332
2024-05-22T11:00:00+05:30,22556.25,22559.4,22527.45,22546.3,22542.847864004194,7738279,70,60,40,30,53.558265477032286,60,40,70,30,13.129411514139184,36.81115046897385
2024-05-22T11:15:00+05:30,22546.5,22551.3,22532.2,22551.2,22542.95326200315,6929541,70,60,40,30,54.56613756770056,60,40,70,30,12.860100165626035,35.54606829261847
2024-05-22T11:30:00+05:30,22551.4,22556.6,22530.4,22539.15,22542.90586015692,7472582,70,60,40,30,51.60044528383455,60,40,70,30,12.339063354902784,34.87849198600266
2024-05-22T11:45:00+05:30,22538.7,22565.15,22536.15,22552.75,22543.27713083612,6548652,70,60,40,30,54.59960147430633,60,40,70,30,11.488744924215503,34.45859970128818
2024-05-22T12:00:00+05:30,22552.3,22568.2,22551.95,22564.25,22544.03766547471,6499249,70,60,40,30,57.02465170135084,60,40,70,30,10.851134448550436,33.15798543691045
2024-05-22T12:15:00+05:30,22564.2,22586.4,22552.5,22566.8,22545.259174294657,8146421,70,60,40,30,57.56590805743754,60,40,70,30,11.099403269138222,33.210986477131236
2024-05-22T12:30:00+05:30,22566.55,22575.05,22553.25,22561.15,22546.02801289021,7345665,70,60,40,30,55.88639775442052,60,40,70,30,11.329938602541164,32.39591601447895
2024-05-22T12:45:00+05:30,22559.3,22568.45,22549.55,22560.2,22546.45288572227,5609347,70,60,40,30,55.59270383798601,60,40,70,30,11.317968437991325,31.431922013444844
2024-05-22T13:00:00+05:30,22560.1,22577.25,22550.8,22565.1,22547.074880082233,6344209,70,60,40,30,56.85222197923637,60,40,70,30,11.726950022144285,31.07607044105598
2024-05-22T13:15:00+05:30,22564.3,22577.35,22559.05,22571.45,22547.89547632905,7016886,70,60,40,30,58.495123569600544,60,40,70,30,12.111515439096934,30.163493980980498
2024-05-22T13:30:00+05:30,22570.95,22585.85,22562.7,22577.65,22549.085875226854,8590863,70,60,40,30,60.09286434606467,60.09286434606467,40,70,30,12.87707982777283,29.66253012519602
2024-05-22T13:45:00+05:30,22576.5,22589.3,22572.4,22582.7,22550.754325934613,10783230,70,60,40,30,61.39638971731989,61.39638971731989,40,70,30,13.749320350593287,28.750920830539005
2024-05-22T14:00:00+05:30,22581.6,22608.15,22562.7,22576.8,22551.94010570626,8107093,70,60,40,30,58.97276303961963,60,40,70,30,15.34548777682357,29.94371219978627
2024-05-22T14:15:00+05:30,22575.25,22588.85,22570.85,22573.2,22552.831919807864,7816765,70,60,40,30,57.48172790509742,60,40,70,30,16.827643244037404,29.090589899801536
2024-05-22T14:30:00+05:30,22573,22593,22572.35,22589.2,22553.785223218816,6910895,70,60,40,30,62.071623621060716,62.071623621060716,40,70,30,18.368990397887394,28.487690621244386
2024-05-22T14:45:00+05:30,22589.75,22595.45,22536.55,22552.35,22554.106013097047,10138815,70,60,40,30,48.96203974677667,60,40,70,30,17.31424097510757,30.65999843401275
2024-05-22T15:00:00+05:30,22551.35,22616.3,22551.35,22597.9,22557.415172461315,25775226,70,60,40,30,60.162249999137146,60.162249999137146,40,70,30,17.272858162622125,33.10928426015475
2024-05-22T15:15:00+05:30,22597.65,22629.5,22594.6,22620.5,22561.48378558698,20427824,70,60,40,30,64.34324306947093,64.34324306947093,40,70,30,17.73989758393853,33.23719252728666
2024-05-23T09:15:00+05:30,22600.75,22617.9,22577.45,22585.4,22593.583333333332,31649742,70,60,40,30,54.7352042407605,60,40,70,30,17.23370646048405,33.93810734676613
2024-05-23T09:30:00+05:30,22585.45,22686.7,22578.85,22680.3,22617.334256520422,24029817,70,60,40,30,68.4518842594945,68.4518842594945,40,70,30,18.771832908295337,39.217528250568705
2024-05-23T09:45:00+05:30,22679.6,22689.35,22663.5,22683.15,22630.559979153957,15307693,70,60,40,30,68.75807325859282,68.75807325859282,40,70,30,20.256445529556007,38.26270480409941
2024-05-23T10:00:00+05:30,22683.95,22685,22657.3,22674.5,22635.962050277485,10562794,70,60,40,30,66.64393813721279,66.64393813721279,40,70,30,21.321587930376293,37.50822588952093
2024-05-23T10:15:00+05:30,22674,22719.35,22667.55,22698.5,22644.272559456247,13325051,70,60,40,30,69.45060859318768,69.45060859318768,40,70,30,23.0421612593344,38.529066897412235
2024-05-23T10:30:00+05:30,22698.4,22704.25,22642.45,22660.45,22647.292685975044,13169585,70,60,40,30,60.72646586235608,60.72646586235608,40,70,30,23.49148397101147,40.19127640473988
2024-05-23T10:45:00+05:30,22660.75,22707.95,22656.1,22694.75,22650.48586614236,9642214,70,60,40,30,64.99519423682247,64.99519423682247,40,70,30,23.995779862869828,41.02404237583005
2024-05-23T11:00:00+05:30,22694.65,22722.15,22691.55,22696.8,22653.70956197903,7619671,70,60,40,30,65.23838268154452,65.23838268154452,40,70,30,24.79416864733233,40.27946792041377
2024-05-23T11:15:00+05:30,22696.75,22723.2,22696.45,22709.9,22656.212896564128,5848270,70,60,40,30,66.82449843488669,66.82449843488669,40,70,30,25.55993847137193,39.31307735466993
2024-05-23T11:30:00+05:30,22710.05,22733.7,22709.8,22722.7,22660.140285255362,8317877,70,60,40,30,68.34437779017381,68.34437779017381,40,70,30,26.5184426413434,38.2121432579079
2024-05-23T11:45:00+05:30,22722.45,22768.65,22712.25,22760.4,22665.580177144275,9307141,70,60,40,30,72.36074986364395,72.36074986364395,40,72.36074986364395,30,28.112264843005708,39.511275882343156
2024-05-23T12:00:00+05:30,22760.5,22767.05,22744.85,22758.85,22670.43816765171,8357813,70,60,40,30,71.95652011823958,71.95652011823958,40,71.95652011823958,30,29.59224260169214,38.27475617646155
2024-05-23T12:15:00+05:30,22758,22796.4,22756.5,22796.4,22677.25507469773,10120399,70,60,40,30,75.52376375722837,75.52376375722837,40,75.52376375722837,30,31.463165715558095,38.39084502100012
2024-05-23T12:30:00+05:30,22797.05,22837.65,22784.45,22830.7,22687.547654892907,13237109,70,60,40,30,78.2459055336304,78.2459055336304,40,78.2459055336304,30,33.73921220650841,39.44864180521444
2024-05-23T12:45:00+05:30,22830.5,22845.65,22813.6,22842.05,22695.039599415017,9747628,70,60,40,30,79.07520932587437,79.07520932587437,40,79.07520932587437,30,35.94280186049396,38.92016739055647
2024-05-23T13:00:00+05:30,22841.75,22852,22822.7,22830.35,22703.718157986757,12574654,70,60,40,30,75.86460684942078,75.86460684942078,40,75.86460684942078,30,38.06125052098762,38.233012576945235
2024-05-23T13:15:00+05:30,22830.45,22860.65,22795.85,22849.7,22712.324128041564,14181829,70,60,40,30,77.49224603246157,77.49224603246157,40,77.49224603246157,30,38.666745145803205,40.13065453573507
2024-05-23T13:30:00+05:30,22848.2,22855.55,22818.5,22833.55,22719.360703309212,13106040,70,60,40,30,73.06350292540019,73.06350292540019,40,73.06350292540019,30,39.228990154560535,39.91060778318251
2024-05-23T13:45:00+05:30,22834.7,22869.5,22818.8,22857.9,22726.35274441867,13146741,70,60,40,30,75.35086562824202,75.35086562824202,40,75.35086562824202,30,39.99876910835455,40.681278655812385
2024-05-23T14:00:00+05:30,22857.05,22915.1,22854.2,22914.9,22736.13040500762,14996168,70,60,40,30,79.69709525687092,79.69709525687092,40,79.69709525687092,30,41.37738173336594,42.12547303753991
2024-05-23T14:15:00+05:30,22913.2,22959.7,22912.05,22927.95,22750.404881497536,20162936,70,60,40,30,80.54297340843482,80.54297340843482,40,80.54297340843482,30,43.133544724876174,42.52008210628717
2024-05-23T14:30:00+05:30,22927,22935.3,22891.85,22928.25,22757.93364277625,13057072,70,60,40,30,80.56302153569607,80.56302153569607,40,80.56302153569607,30,43.88752696618947,42.586504812981
2024-05-23T14:45:00+05:30,22928.95,22940,22898.75,22920.5,22768.63693612857,20644609,70,60,40,30,78.31798217926384,78.31798217926384,40,78.31798217926384,30,44.64783941070185,42.491040183482355
2024-05-23T15:00:00+05:30,22917.5,22989,22917.5,22978.65,22786.824931486208,32458407,70,60,40,30,82.30292732008448,82.30292732008448,40,82.30292732008448,30,45.90474909428834,44.56310874180504
2024-05-23T15:15:00+05:30,22978.55,22993.6,22947.55,22951,22798.39701255938,24070840,70,60,40,30,75.22337844186293,75.22337844186293,40,75.22337844186293,30,47.117348080674844,44.66931526024748
2024-05-24T09:15:00+05:30,22932.4,22995.2,22908,22986.05,22963.083333333332,26927627,70,60,40,30,77.8270776357443,77.8270776357443,40,77.8270776357443,30,46.67233164918034,47.707221313087
2024-05-24T09:30:00+05:30,22985.5,23004.05,22934,22972.3,22966.597135963133,26883802,70,60,40,30,74.51871258958535,74.51871258958535,40,74.51871258958535,30,46.3921667013696,49.30313407643787
2024-05-24T09:45:00+05:30,22971.05,22984.2,22937.75,22945.6,22964.789054608114,10884310,70,60,40,30,68.43518614869443,68.43518614869443,40,70,30,46.13201353554533,49.09933878526379
2024-05-24T10:00:00+05:30,22944.85,22948.1,22917.9,22919.7,22959.7869496938,10365533,70,60,40,30,63.05744821276787,63.05744821276787,40,70,30,45.11789571990094,47.7493860148876
2024-05-24T10:15:00+05:30,22919.45,22967.25,22916.8,22935.45,22957.873379969125,7962007,70,60,40,30,64.86553393672651,64.86553393672651,40,70,30,44.53099722220915,47.94228701382425
2024-05-24T10:30:00+05:30,22935.5,22953.05,22926.2,22949.45,22956.761241117405,6661266,70,60,40,30,66.43796831525128,66.43796831525128,40,70,30,43.98602004578106,46.43569508426527
2024-05-24T10:45:00+05:30,22949.6,22978.55,22944.45,22977.3,22957.550772052757,7683326,70,60,40,30,69.37431192051464,69.37431192051464,40,70,30,43.93644710945427,45.554574006817646
2024-05-24T11:00:00+05:30,22977.75,22984.2,22955.45,22959.55,22958.294732048984,8937126,70,60,40,30,65.44434753269421,65.44434753269421,40,70,30,43.98599475403736,44.35424729204495
2024-05-24T11:15:00+05:30,22959.6,22983.6,22958.85,22975.25,22959.17522186831,6989572,70,60,40,30,67.2135220305612,67.2135220305612,40,70,30,44.03200328115022,42.953943914041744
2024-05-24T11:30:00+05:30,22975.85,22981.9,22959.65,22976,22959.796348299562,5532114,70,60,40,30,67.29965119864693,67.29965119864693,40,70,30,44.074725484897876,41.475090777324475
2024-05-24T11:45:00+05:30,22975.8,22980.25,22963,22972.8,22960.430508894202,6503899,70,60,40,30,66.49699255132535,66.49699255132535,40,70,30,44.114396102663555,39.744727150372725
2024-05-24T12:00:00+05:30,22973.3,22978.15,22954.3,22969.4,22960.866434319425,8514204,70,60,40,30,65.6017369721961,65.6017369721961,40,70,30,43.66987646233086,38.60938949677483
2024-05-24T12:15:00+05:30,22970.05,22975.05,22957.5,22968.2,22961.09243137176,5193562,70,60,40,30,65.26774911302368,65.26774911302368,40,70,30,43.25710822487907,37.10514738986229
2024-05-24T12:30:00+05:30,22967.95,22988.85,22967.55,22984.4,22961.919166817024,6265046,70,60,40,30,67.66137023006385,67.66137023006385,40,70,30,43.22407058292504,35.976208290586364
2024-05-24T12:45:00+05:30,22983.75,23011.05,22977.45,23002.55,22963.40028370375,6401977,70,60,40,30,70.14393898935838,70.14393898935838,40,70.14393898935838,30,43.68502693129751,35.806479126972945
2024-05-24T13:00:00+05:30,23001.65,23019.65,22982.9,22991.25,22965.101940347027,7862915,70,60,40,30,66.7102666822274,66.7102666822274,40,70,30,44.28485955436883,35.8738734750463
2024-05-24T13:15:00+05:30,22990.65,23013.8,22984.9,23013.4,22966.666285957366,6680216,70,60,40,30,69.8280897967134,69.8280897967134,40,70,30,44.84184699007791,35.37573965539998
2024-05-24T13:30:00+05:30,23013.55,23016.35,23000.75,23007.75,22968.151101859825,6150877,70,60,40,30,68.07663616173477,68.07663616173477,40,70,30,45.414395882506824,33.96318682287131
2024-05-24T13:45:00+05:30,23007.85,23019.05,22986.6,22999.6,22969.592038882798,7724888,70,60,40,30,65.52358239336098,65.52358239336098,40,70,30,44.98394353108721,33.855102049809126
2024-05-24T14:00:00+05:30,22999.45,23010.85,22996,23005.85,22971.5182710824,10605548,70,60,40,30,66.55930686083684,66.55930686083684,40,70,30,44.58423777619757,32.49759476053694
2024-05-24T14:15:00+05:30,23005.5,23026.4,22982.9,22984.2,22972.94852564968,10962198,70,60,40,30,59.85178943772793,60,40,70,30,44.65021421522141,33.28348084907002
2024-05-24T14:30:00+05:30,22985.2,22995.85,22964.05,22990.1,22973.526322931542,11883040,70,60,40,30,61.00508285981403,61.00508285981403,40,70,30,43.501066698195395,33.17751793127925
2024-05-24T14:45:00+05:30,22989.95,22991.45,22956.45,22972.95,22973.53091763817,11444033,70,60,40,30,55.97192383434727,60,40,70,30,41.99200044105099,33.30769522190216
2024-05-24T15:00:00+05:30,22973.5,22991.5,22927.8,22958.35,22972.491650385473,17616215,70,60,40,30,52.035955637679585,60,40,70,30,39.161894900181395,35.478574134623486
2024-05-24T15:15:00+05:30,22959.5,22970.15,22943.25,22952,22971.286039794013,18109887,70,60,40,30,50.37668774946112,60,40,70,30,36.5339397550882,34.86581883929334
2024-05-27T09:15:00+05:30,23039.6,23043.2,22974.55,22987.85,23001.866666666672,27889417,70,60,40,30,58.434950028980886,60,40,70,30,36.36610162617481,38.88968892220101
2024-05-27T09:30:00+05:30,22986.85,23010.55,22964.1,22997.55,22998.162763772147,13904120,70,60,40,30,60.31285150503813,60.31285150503813,40,70,30,35.75209463330797,39.42971114204385
2024-05-27T09:45:00+05:30,22996.95,23001.55,22947.35,22953.25,22989.928522556165,15264368,70,60,40,30,49.34742213027584,60,40,70,30,34.48629327177279,40.484731774755055
2024-05-27T10:00:00+05:30,22952.95,22977.4,22932,22950.9,22983.93951028447,11201682,70,60,40,30,48.84014932239575,60,40,70,30,32.72106230307923,40.83582236227266
2024-05-27T10:15:00+05:30,22950.35,22987.8,22941.8,22984.4,22982.513498311055,8706400,70,60,40,30,55.81331746212459,60,40,70,30,31.394934029928645,41.2046921935389
2024-05-27T10:30:00+05:30,22982.8,23001.2,22979.45,22998.45,22983.370329414953,6824674,70,60,40,30,58.37581142005666,60,40,70,30,30.550674669083083,39.81507132257183
2024-05-27T10:45:00+05:30,22998.75,23005.5,22985.75,23003,22984.426962974223,6483130,70,60,40,30,59.20097675505406,60,40,70,30,29.88938556846568,38.38185194238813
2024-05-27T11:00:00+05:30,23003.25,23006.65,22979.6,22988.8,22984.83857191209,5428604,70,60,40,30,55.50292730081689,60,40,70,30,28.999459912107124,37.572433946503466
2024-05-27T11:15:00+05:30,22988.9,23001.6,22985.8,23000.5,22985.530799771408,6348094,70,60,40,30,57.839767630161745,60,40,70,30,28.17310037405989,36.01726009318174
2024-05-27T11:30:00+05:30,23000.85,23023.35,22991.35,23018.8,22986.932530180107,5902718,70,60,40,30,61.26616702508688,61.26616702508688,40,70,30,28.087062371677995,35.73031294366876
2024-05-27T11:45:00+05:30,23020.15,23075.65,23014,23068.4,22991.57850920456,8207999,70,60,40,30,68.69283490076914,68.69283490076914,40,70,30,29.20832067947875,37.581719161978235
2024-05-27T12:00:00+05:30,23068.3,23072.3,23045.25,23067.9,22996.287690904235,8347822,70,60,40,30,68.55014772786659,68.55014772786659,40,70,30,30.24948910815088,36.82945350755116
2024-05-27T12:15:00+05:30,23068,23092.7,23064.1,23087.25,23002.619320275844,10013187,70,60,40,30,71.05585252383916,71.05585252383916,40,71.05585252383916,30,31.595085808819434,36.24163539986909
2024-05-27T12:30:00+05:30,23088.3,23108.35,23087.15,23100.65,23008.05517632579,8065645,70,60,40,30,72.6792060995175,72.6792060995175,40,72.6792060995175,30,33.107503773710086,35.1672328713068
2024-05-27T12:45:00+05:30,23100.6,23110.8,23064.35,23065.75,23013.03198273964,10549325,70,60,40,30,62.8000929795417,62.8000929795417,40,70,30,33.40015653208482,35.973144809070654
2024-05-27T13:00:00+05:30,23066,23080.8,23063.4,23074.85,23015.26797664374,5929378,70,60,40,30,64.16776611545464,64.16776611545464,40,70,30,33.627306255954814,34.64649160842259
2024-05-27T13:15:00+05:30,23075.15,23090.95,23071.5,23082.65,23017.46621709652,5443655,70,60,40,30,65.34390335723378,65.34390335723378,40,70,30,34.06362662528687,33.561027922106746
2024-05-27T13:30:00+05:30,23082.35,23091.85,23064.45,23073.05,23019.460443281198,5756679,70,60,40,30,62.61959846727729,62.61959846727729,40,70,30,34.11063021610764,33.120954499098964
2024-05-27T13:45:00+05:30,23072.75,23077.05,23047.5,23071.15,23021.562470478522,8195525,70,60,40,30,62.06804734804647,62.06804734804647,40,70,30,33.33623025721591,32.86588632059185
2024-05-27T14:00:00+05:30,23071.9,23085.55,23060.6,23068.25,23023.71664394472,8051075,70,60,40,30,61.18225876460152,61.18225876460152,40,70,30,32.85771976201323,32.300465869121055
2024-05-27T14:15:00+05:30,23068.65,23071.95,23050.7,23057.3,23025.43583443833,9281489,70,60,40,30,57.826507490617935,60,40,70,30,31.941362236894427,31.511146878469553
2024-05-27T14:30:00+05:30,23056.95,23058.45,23017.45,23017.75,23025.718170518147,10053656,70,60,40,30,47.65877359251667,60,40,70,30,29.729192552399482,32.18892210143601
2024-05-27T14:45:00+05:30,23016.55,23026.2,22922.75,22925.3,23020.84461606991,15984609,70,60,40,30,33.03599950790873,60,33.03599950790873,70,30,29.898358909053275,37.27899909419063
2024-05-27T15:00:00+05:30,22922.65,22981.85,22871.2,22938.75,23013.798544821013,18787022,70,60,40,30,36.10740723387034,60,36.10740723387034,70,30,30.836648565805007,42.51978487317687
2024-05-27T15:15:00+05:30,22939.1,22960.15,22924.15,22931.05,23008.585938319266,17883254,70,60,40,30,35.11443992304039,60,35.11443992304039,70,30,31.707917532788755,42.054085953664234
2024-05-28T09:15:00+05:30,22985.45,22992.4,22957.5,22983.2,22977.7,19588149,70,60,40,30,45.954807037593845,60,40,70,30,31.447919885403913,43.43236552840266
2024-05-28T09:30:00+05:30,22983.25,22988.8,22936.55,22961.85,22971.832874625652,12183574,70,60,40,30,42.80206184254377,60,40,70,30,31.556947426786973,44.06219656208818
2024-05-28T09:45:00+05:30,22962.35,22975.65,22940.2,22950.05,22968.57354670284,7801567,70,60,40,30,41.122833453600286,60,40,70,30,31.658187286642676,43.447039664796215
2024-05-28T10:00:00+05:30,22949.15,22969.7,22926.35,22957.2,22965.493275460278,8459192,70,60,40,30,42.59251194913189,60,40,70,30,31.990124441345856,43.44010826016807
2024-05-28T10:15:00+05:30,22957.65,22998.55,22956.65,22986.85,22967.518533463415,7389263,70,60,40,30,48.35019153425695,60,40,70,30,31.32179920932781,43.33010052729877
2024-05-28T10:30:00+05:30,22986.65,22990,22976.7,22983.8,22968.744018297042,4602778,70,60,40,30,47.81889339453182,60,40,70,30,30.701211493882486,41.18509334677737
2024-05-28T10:45:00+05:30,22983.35,22987.85,22966,22980.45,22969.476923690858,5101694,70,60,40,30,47.20532812555586,60,40,70,30,30.353510601457355,39.80401525057888
2024-05-28T11:00:00+05:30,22980.7,22984.35,22955.6,22968.95,22969.491033804738,6457775,70,60,40,30,45.06754866694447,60,40,70,30,30.250473350401315,39.014442732680386
2024-05-28T11:15:00+05:30,22968.75,22975.1,22949.85,22951.7,22968.659465155546,6089014,70,60,40,30,41.995351778857376,60,40,70,30,30.277228280269163,38.03126825177464
2024-05-28T11:30:00+05:30,22952.85,22964.3,22937.65,22957.8,22967.36664098154,7113416,70,60,40,30,43.46307021048325,60,40,70,30,30.56082333605838,37.218320519504864
2024-05-28T11:45:00+05:30,22957.9,22966.4,22932.65,22933.95,22965.716505187225,6542954,70,60,40,30,39.278262990936305,60,39.278262990936305,70,30,30.929962912665708,36.97058333954023
2024-05-28T12:00:00+05:30,22933.85,22959.95,22933.85,22939.75,22964.406233507267,6016536,70,60,40,30,40.77177280926011,60,40,70,30,31.27273537665823,36.1941131010018
2024-05-28T12:15:00+05:30,22939.25,22945.75,22924.1,22927.45,22962.259507209626,7006431,70,60,40,30,38.60331821146626,60,38.60331821146626,70,30,31.81356981628819,35.15524787950177
2024-05-28T12:30:00+05:30,22928.4,22928.75,22889.1,22913.9,22957.914762787233,9578926,70,60,40,30,36.312127203502946,60,36.312127203502946,70,30,33.00520041101262,35.47630160239461
2024-05-28T12:45:00+05:30,22914.35,22958.75,22900.1,22938.55,22956.46320868768,6891718,70,60,40,30,42.94624534732832,60,40,70,30,32.762936596472485,37.13156577365224
2024-05-28T13:00:00+05:30,22938.7,22959.3,22931.35,22945.2,22955.920232278993,6167590,70,60,40,30,44.622159914174915,60,40,70,30,32.51479208187334,36.47573964696285
2024-05-28T13:15:00+05:30,22945.25,22973.4,22943.35,22947.9,22955.864273083695,7244370,70,60,40,30,45.324403813752646,60,40,70,30,31.687158978137518,36.01675824360857
2024-05-28T13:30:00+05:30,22948.85,22953.65,22914.1,22950.35,22955.14884508507,6085056,70,60,40,30,45.99364678450893,60,40,70,30,31.631621959239205,36.2691326547796
2024-05-28T13:45:00+05:30,22950.9,22953.35,22926,22929.05,22954.485404390245,5072670,70,60,40,30,41.26467304939113,60,40,70,30,31.5800518702622,35.632051750866665
2024-05-28T14:00:00+05:30,22929.2,22937.5,22910.65,22926.4,22953.365610915775,5709496,70,60,40,30,40.703939610792325,60,40,70,30,31.884273330072695,35.00476234009037
2024-05-28T14:15:00+05:30,22926.25,22937.8,22915.15,22922.2,22952.078030312212,7198313,70,60,40,30,39.781272961564966,60,39.781272961564966,70,30,32.1522158165741,34.122279315798046
2024-05-28T14:30:00+05:30,22921.6,22923.4,22894.25,22910.5,22950.549029703783,5879690,70,60,40,30,37.248269773883145,60,37.248269773883145,70,30,32.865921799260974,33.767116507526865
2024-05-28T14:45:00+05:30,22911.3,22924.8,22894.95,22894.95,22947.419977528025,12082046,70,60,40,30,34.137170978712135,60,34.137170978712135,70,30,33.45512061700417,33.487322471274844
2024-05-28T15:00:00+05:30,22895.3,22914.4,22887.25,22892.6,22942.428776538327,19838795,70,60,40,30,33.67935222296417,60,33.67935222296417,70,30,34.17523089596614,33.0346565804696
2024-05-28T15:15:00+05:30,22893,22895.9,22858.5,22865.05,22935.651513047833,21263937,70,60,40,30,28.802547372672464,60,28.802547372672464,70,28.802547372672464,35.41625444623074,33.34646682472187
2024-05-29T09:15:00+05:30,22792,22823.2,22762.25,22798.1,22794.516666666663,26760337,70,60,40,30,20.887258747929067,60,20.887258747929067,70,20.887258747929067,37.73999189387428,38.30743348009883
2024-05-29T09:30:00+05:30,22798.55,22825.5,22796.15,22809.8,22799.710230433033,12900788,70,60,40,30,24.777730378438278,60,24.777730378438278,70,24.777730378438278,39.794159067036134,37.667616802948814
2024-05-29T09:45:00+05:30,22809.95,22815.3,22779,22808.05,22799.949742346962,11395651,70,60,40,30,24.58300272994046,60,24.58300272994046,70,24.58300272994046,41.856770400550374,37.56992988845242
2024-05-29T10:00:00+05:30,22808.75,22809.85,22749.9,22757.65,22795.10151679066,10936002,70,60,40,30,19.765240425849754,60,19.765240425849754,70,19.765240425849754,44.009120967355685,39.16850632499133
2024-05-29T10:15:00+05:30,22757.8,22768.75,22719.45,22733.55,22787.887720352475,9453738,70,60,40,30,17.95336820234921,60,17.95336820234921,70,17.95336820234921,46.22110707299279,39.89218444463476
2024-05-29T10:30:00+05:30,22733.4,22754.8,22719.8,22752.05,22781.48445527078,11650541,70,60,40,30,23.733016411801813,60,23.733016411801813,70,23.733016411801813,48.27509417108438,39.542742698589414
2024-05-29T10:45:00+05:30,22750.8,22759.45,22734.05,22742.7,22778.43640902242,7666804,70,60,40,30,22.856665415352367,60,22.856665415352367,70,22.856665415352367,49.95067406870351,38.53254679154742
2024-05-29T11:00:00+05:30,22742.8,22746.05,22719.95,22725.25,22774.727975351347,7596069,70,60,40,30,21.277545275990093,60,21.277545275990093,70,21.277545275990093,51.621818283161744,37.64450773500822
2024-05-29T11:15:00+05:30,22725.55,22747.3,22705.6,22735.1,22771.526364894282,7463559,70,60,40,30,24.450468471891,60,24.450468471891,70,24.450468471891,53.28568685056513,37.93418575393626
2024-05-29T11:30:00+05:30,22734.8,22735.55,22714.85,22722.95,22768.939579970072,6152960,70,60,40,30,23.207896803018173,60,23.207896803018173,70,23.207896803018173,54.83070766315399,36.703172485798014
2024-05-29T11:45:00+05:30,22722.6,22738.8,22714.05,22735.2,22766.600175784828,7032401,70,60,40,30,27.223667643309057,60,27.223667643309057,70,27.223667643309057,56.07509207504561,35.84937445109816
2024-05-29T12:00:00+05:30,22734.65,22747.7,22725.25,22745.2,22765.07454883819,7067128,70,60,40,30,30.422347152713186,60,30.422347152713186,70,30,56.701740051275095,34.892276276019764
2024-05-29T12:15:00+05:30,22744,22753.35,22725.9,22735.65,22763.763779571178,6489866,70,60,40,30,29.10663577712431,60,29.10663577712431,70,29.10663577712431,56.94748877642392,34.36068511344671
2024-05-29T12:30:00+05:30,22735.4,22753.75,22732.45,22752.4,22762.84434711978,7322927,70,60,40,30,34.460497786237454,60,34.460497786237454,70,30,57.150841696097906,33.42777903391475
2024-05-29T12:45:00+05:30,22753.1,22802.4,22735.55,22747.85,22762.783144323294,10074692,70,60,40,30,33.715638486410484,60,33.715638486410484,70,30,54.81191537938991,35.81508053149243
2024-05-29T13:00:00+05:30,22748.05,22768.25,22736.4,22764.8,22762.541235411,5988459,70,60,40,30,39.0048506291354,60,39.0048506291354,70,30,52.64005522816105,35.531860493528576
2024-05-29T13:15:00+05:30,22765,22789.45,22758.25,22780.9,22763.06873291695,6264761,70,60,40,30,43.607835332023896,60,40,70,30,49.72886716866011,35.22244188684802
2024-05-29T13:30:00+05:30,22780.4,22792.5,22762.8,22780.15,22763.793963613472,8008820,70,60,40,30,43.4433649279024,60,40,70,30,46.902901469446526,34.82798175207321
2024-05-29T13:45:00+05:30,22780.75,22787.15,22752.6,22756.75,22763.887405883786,9863770,70,60,40,30,38.55720125880973,60,38.55720125880973,70,30,44.615069205079635,34.80812591263962
2024-05-29T14:00:00+05:30,22755.65,22758.9,22724.3,22752.35,22763.009296709446,8871220,70,60,40,30,37.69860046844898,60,37.69860046844898,70,30,43.31387062250228,34.79325977602266
2024-05-29T14:15:00+05:30,22753.6,22760.9,22736.55,22737.3,22762.400882112488,6575435,70,60,40,30,34.84073612031645,60,34.84073612031645,70,30,42.01353471254254,34.047312649164056
2024-05-29T14:30:00+05:30,22737.8,22749.6,22716.35,22719.05,22761.181347886326,7259579,70,60,40,30,31.70226769300264,60,31.70226769300264,70,30,41.340240192313175,33.990361745652336
2024-05-29T14:45:00+05:30,22718.5,22738.1,22705.45,22718.95,22758.852706782534,12420982,70,60,40,30,31.685424989906707,60,31.685424989906707,70,30,40.979125089080654,33.894621620962724
2024-05-29T15:00:00+05:30,22720.95,22727.95,22685.45,22711.3,22753.08049586296,27700191,70,60,40,30,30.356737992700914,60,30.356737992700914,70,30,41.08879601735031,34.50929150517967
2024-05-29T15:15:00+05:30,22710.8,22713.8,22693.35,22705.8,22748.49898328314,25189395,70,60,40,30,29.402124010787432,60,29.402124010787432,70,29.402124010787432,41.190633307886415,33.505056397666884
2024-05-30T09:15:00+05:30,22642.15,22705.75,22617.25,22641.75,22654.916666666668,37060010,70,60,40,30,21.08617767146673,60,21.08617767146673,70,21.08617767146673,42.52286734220326,37.43683808354778
2024-05-30T09:30:00+05:30,22642.6,22648.55,22590.3,22608.3,22641.13283581989,20098580,70,60,40,30,18.192288014008255,60,18.192288014008255,70,18.192288014008255,44.0556891619095,38.923492506151504
2024-05-30T09:45:00+05:30,22608.1,22618.6,22580.45,22589.85,22632.110175606475,14401564,70,60,40,30,16.82102286330506,60,16.82102286330506,70,16.82102286330506,45.579357813606094,38.86824304142624
2024-05-30T10:00:00+05:30,22590.8,22596.65,22554,22558.8,22621.66806785536,14411160,70,60,40,30,14.799285317483466,60,14.799285317483466,70,14.799285317483466,47.24476730451551,39.138368538467326
2024-05-30T10:15:00+05:30,22558.5,22602.35,22555.3,22575.85,22617.603547478284,8786278,70,60,40,30,20.453118569199702,60,20.453118569199702,70,20.453118569199702,48.51398147268065,39.70348507143389
2024-05-30T10:30:00+05:30,22575.75,22617.85,22570.05,22590.8,22615.37561281953,9393013,70,60,40,30,25.14372975636661,60,25.14372975636661,70,25.14372975636661,48.94932874655771,40.281807566331416
2024-05-30T10:45:00+05:30,22590.55,22604.1,22578.8,22581.45,22613.62353273375,7154160,70,60,40,30,24.183275890550888,60,24.183275890550888,70,24.183275890550888,49.3535797865864,39.21167845445054
2024-05-30T11:00:00+05:30,22580.6,22593.5,22562.75,22564.75,22611.002696877586,7813137,70,60,40,30,22.528040474704355,60,22.528040474704355,70,22.528040474704355,49.95718635805766,38.607272850561216
2024-05-30T11:15:00+05:30,22563.8,22569.55,22545.6,22551.75,22606.815302168787,9745496,70,60,40,30,21.30554076202992,60,21.30554076202992,70,21.30554076202992,50.743528020851244,37.56032478980689
2024-05-30T11:30:00+05:30,22552,22560.65,22540.9,22546.4,22601.931422364345,11961537,70,60,40,30,20.805170219326968,60,20.805170219326968,70,20.805170219326968,51.5340293368756,36.288158733392116
2024-05-30T11:45:00+05:30,22546.6,22566.6,22544.5,22554.3,22599.235135725874,8609725,70,60,40,30,23.656384698691028,60,23.656384698691028,70,23.656384698691028,51.936895021998296,35.274718823864006
2024-05-30T12:00:00+05:30,22554.05,22586.9,22553.75,22566.85,22597.851900778736,7205911,70,60,40,30,28.085825248661834,60,28.085825248661834,70,28.085825248661834,51.241636357845756,35.12295319358811
2024-05-30T12:15:00+05:30,22567.45,22572.6,22551.25,22557.3,22595.91662769754,8531218,70,60,40,30,26.811048083556983,60,26.811048083556983,70,26.811048083556983,50.647540304309416,34.13917082261743
2024-05-30T12:30:00+05:30,22557.15,22576.85,22553.95,22568.85,22594.469303920316,8562429,70,60,40,30,30.896236417418976,60,30.896236417418976,70,30,49.86792571788456,33.33637290671603
2024-05-30T12:45:00+05:30,22568.1,22602.25,22566.95,22595.55,22594.1527289508,9317708,70,60,40,30,39.327154659708704,60,39.327154659708704,70,30,47.88984067802001,33.47663198480769
2024-05-30T13:00:00+05:30,22595.45,22601.9,22568.4,22577,22593.65353818678,8144043,70,60,40,30,36.03753568300397,60,36.03753568300397,70,30,46.05304742671721,33.47830112875
2024-05-30T13:15:00+05:30,22576.4,22579,22536.85,22538.35,22591.705258541293,9242050,70,60,40,30,30.342519311715378,60,30.342519311715378,70,30,45.19948027557007,34.097708190982246
2024-05-30T13:30:00+05:30,22539.2,22547.55,22518.55,22539.15,22588.5002059783,12026432,70,60,40,30,30.58703439993215,60,30.58703439993215,70,30,44.818151283337436,33.733586177340655
2024-05-30T13:45:00+05:30,22538.65,22565.55,22528.45,22539.45,22586.0336210851,12612707,70,60,40,30,30.685294958943828,60,30.685294958943828,70,30,43.617767480873354,33.974044307530505
2024-05-30T14:00:00+05:30,22538.85,22547,22521,22522.6,22583.637808267384,10091034,70,60,40,30,28.26508901961286,60,28.26508901961286,70,28.26508901961286,42.690215840624575,33.404469714135466
2024-05-30T14:15:00+05:30,22523.05,22538.45,22501.75,22504.05,22580.08379080242,12792643,70,60,40,30,25.84807628298151,60,25.84807628298151,70,25.84807628298151,42.28446093263842,33.639864734554415
2024-05-30T14:30:00+05:30,22504.1,22508.45,22459.15,22465.15,22573.072096055872,18207647,70,60,40,30,21.664339083389038,60,21.664339083389038,70,21.664339083389038,42.71634716921652,34.75844582494334
2024-05-30T14:45:00+05:30,22464.65,22489.65,22417,22419.35,22564.369854255357,18928375,70,60,40,30,17.97530267187696,60,17.97530267187696,70,17.97530267187696,43.71057908697473,37.46498540887607
2024-05-30T15:00:00+05:30,22420.55,22521.95,22420.55,22478.05,22551.24114984143,48156671,70,60,40,30,33.58489810448775,60,33.58489810448775,70,30,43.32354734771015,42.11748645109936
2024-05-30T15:15:00+05:30,22477.9,22560.9,22477,22557.1,22549.222927392235,38309966,70,60,40,30,47.95019416226238,60,40,70,30,41.660195186559804,45.101951704592366
2024-05-31T09:15:00+05:30,22572,22647.25,22557.7,22632.9,22612.61666666667,39811224,70,60,40,30,57.453301203651854,60,40,70,30,39.307950225980605,48.31966943997873
2024-05-31T09:30:00+05:30,22634.4,22653.75,22619.05,22635.8,22619.919484356065,17857795,70,60,40,30,57.77096748172603,60,40,70,30,37.24795723632072,47.34683590855173
2024-05-31T09:45:00+05:30,22634.85,22636.65,22574.45,22577.1,22614.884783642807,15429081,70,60,40,30,49.684626316439214,60,40,70,30,34.813621088236694,48.40777620079809
2024-05-31T10:00:00+05:30,22576.9,22578.35,22533.7,22537.35,22603.916447241303,14815543,70,60,40,30,45.082734688617336,60,40,70,30,33.302230034185136,48.13936361502664
2024-05-31T10:15:00+05:30,22535.2,22587.3,22518.1,22537.85,22595.428962966667,15649788,70,60,40,30,45.15155177147141,60,40,70,30,32.162398044592436,49.64369478538193
2024-05-31T10:30:00+05:30,22539.3,22543.7,22516.25,22533.8,22589.30598190403,10922508,70,60,40,30,44.66333998992093,60,40,70,30,31.13603403681853,48.05843087214042
2024-05-31T10:45:00+05:30,22532.8,22554,22503.6,22507.35,22585.215921909064,7366437,70,60,40,30,41.50680764587203,60,40,70,30,30.408698026765684,48.22568580984478
2024-05-31T11:00:00+05:30,22507.6,22531.4,22495.85,22528.7,22580.40578347972,9491043,70,60,40,30,44.89234686500288,60,40,70,30,29.87297007586327,47.32027968057036
2024-05-31T11:15:00+05:30,22530.6,22537.45,22509.55,22509.8,22576.223635716673,9587968,70,60,40,30,42.544782846600135,60,40,70,30,29.196671744640636,45.933116846244005
2024-05-31T11:30:00+05:30,22510.6,22560.55,22506.25,22553.9,22573.608419714965,11043148,70,60,40,30,49.21774395965596,60,40,70,30,27.903979945235065,46.53075135722652
2024-05-31T11:45:00+05:30,22553.95,22556.15,22514.15,22527,22570.865140221216,10848010,70,60,40,30,45.72892458395358,60,40,70,30,26.703623274358467,46.20712626028177
2024-05-31T12:00:00+05:30,22526.7,22531.3,22500.55,22513.25,22568.04810769242,8651860,70,60,40,30,44.01157467353056,60,40,70,30,25.907316711258467,45.10304581311878
2024-05-31T12:15:00+05:30,22513.05,22525.4,22504.1,22517.1,22565.804531302518,7652810,70,60,40,30,44.638503643061014,60,40,70,30,25.167889188379895,43.402828255039076
2024-05-31T12:30:00+05:30,22516.9,22531.9,22506.9,22519.2,22563.559650697796,9092306,70,60,40,30,45.00026645389896,60,40,70,30,24.258138948665238,42.088340522536285
2024-05-31T12:45:00+05:30,22518,22550.5,22509.4,22545.3,22561.875119434513,11826929,70,60,40,30,49.42378937926377,60,40,70,30,22.795774875712517,42.01774477092645
2024-05-31T13:00:00+05:30,22548.95,22548.95,22525.8,22536.65,22560.664374759384,10293007,70,60,40,30,48.044635012497615,60,40,70,30,21.437865379399273,40.67004871586038
2024-05-31T13:15:00+05:30,22535.35,22565,22531.65,22552.5,22560.116636351162,11078013,70,60,40,30,50.75623682261125,60,40,70,30,20.165993514056364,40.14718809329882
2024-05-31T13:30:00+05:30,22551.45,22575.5,22539.95,22573.85,22560.24768750217,10173154,70,60,40,30,54.22205002280866,60,40,70,30,19.314919875444055,39.81881751520599
2024-05-31T13:45:00+05:30,22570.4,22607,22569.2,22601.75,22562.371534226597,16244647,70,60,40,30,58.34762681656697,60,40,70,30,19.40343913748263,39.6746162641198
2024-05-31T14:00:00+05:30,22602.25,22631.4,22587.15,22606.7,22565.124541781544,15760196,70,60,40,30,59.0527081197373,60,40,70,30,20.056553499331436,40.00142938811124
2024-05-31T14:15:00+05:30,22605.6,22609.2,22518.45,22522.7,22564.08706370687,19575286,70,60,40,30,45.10058270892635,60,40,70,30,18.731149105566814,43.62632728896044
2024-05-31T14:30:00+05:30,22523.35,22532.9,22472.5,22506.95,22560.38274837025,18642737,70,60,40,30,43.04692237417864,60,40,70,30,18.514303687285103,44.82444676832051
2024-05-31T14:45:00+05:30,22506.3,22533.25,22465.1,22517.95,22557.51559773449,16614960,70,60,40,30,44.9328955575478,60,40,70,30,18.459778686775238,46.49055771344058
2024-05-31T15:00:00+05:30,22518.05,22544.35,22480.4,22524,22545.55352104833,129986616,70,60,40,30,45.9922033055105,60,40,70,30,18.090413303030758,47.7376607339089
2024-05-31T15:15:00+05:30,22523.55,22579.45,22513.85,22547.95,22545.88201321566,122615808,70,60,40,30,50.08565884240064,60,40,70,30,16.82250518651105,49.013542110058424
2024-06-03T09:15:00+05:30,23338.7,23338.7,23082.7,23132.95,23184.783333333336,100118116,70,60,40,30,83.32709873103784,83.32709873103784,40,83.32709873103784,30,20.806931402249205,101.99471767362567
2024-06-03T09:30:00+05:30,23135.6,23163.65,23105.65,23105.7,23168.380819247603,37855182,70,60,40,30,80.63330541139109,80.63330541139109,40,80.63330541139109,30,24.50675574543463,98.85223783979527
2024-06-03T09:45:00+05:30,23105.8,23169.2,23062.3,23163.15,23161.837719618623,29806570,70,60,40,30,81.95758841796902,81.95758841796902,40,81.95758841796902,30,27.37607173408016,99.42707799409571
2024-06-03T10:00:00+05:30,23162.2,23203.5,23150,23197.1,23165.328595982854,32172877,70,60,40,30,82.70999875889004,82.70999875889004,40,82.70999875889004,30,30.1354572350447,96.14657242308887
2024-06-03T10:15:00+05:30,23197.5,23203,23160.75,23203,23168.480032469623,30833765,70,60,40,30,82.8438972628661,82.8438972628661,40,82.8438972628661,30,32.697743771654636,92.2968172500111
2024-06-03T10:30:00+05:30,23204.15,23207.5,23135.85,23146.2,23168.052573688976,20260187,70,60,40,30,76.68671719727703,76.68671719727703,40,76.68671719727703,30,34.71258482937916,90.82204458929614
2024-06-03T10:45:00+05:30,23146.25,23166.2,23134.45,23144.4,23166.772193482826,17448260,70,60,40,30,76.49269556607797,76.49269556607797,40,76.49269556607797,30,36.562160656858836,86.60261283291786
2024-06-03T11:00:00+05:30,23143.6,23175.6,23138.5,23175.3,23166.556121468162,16949412,70,60,40,30,77.54308595433154,77.54308595433154,40,77.54308595433154,30,38.31691456975474,83.06671191628075
2024-06-03T11:15:00+05:30,23173.9,23190.25,23169.45,23189.95,23167.445871326025,16104076,70,60,40,30,78.04400197176264,78.04400197176264,40,78.04400197176264,30,40.00674408794463,78.61908963654636
2024-06-03T11:30:00+05:30,23188.9,23205.75,23176.05,23204.05,23168.73846568691,14683811,70,60,40,30,78.54014600915973,78.54014600915973,40,78.54014600915973,30,41.641581950518095,75.12486894822167
2024-06-03T11:45:00+05:30,23205.3,23232.35,23195.7,23227.7,23170.97524621692,14857605,70,60,40,30,79.38174129415535,79.38174129415535,40,79.38174129415535,30,43.273077928791146,72.37666402334854
2024-06-03T12:00:00+05:30,23227.35,23248.45,23213.8,23221.65,23173.301072014976,14086691,70,60,40,30,78.53326618974333,78.53326618974333,40,78.53326618974333,30,44.856890933684255,69.68190230739518
2024-06-03T12:15:00+05:30,23221.6,23232.55,23204.6,23226.3,23174.994689831754,12665870,70,60,40,30,78.72151895622471,78.72151895622471,40,78.72151895622471,30,46.13344649541181,66.70105214258129
